FP,1
GQ,1
PH,1
HP,1
LL,1
PL,1
LR,1
TL,1
PP,1
RP,1
VP,1
PY,1
NPL,0.941176
QRD,0.941176
LRS,0.941176
FPY,0.941176
PLL,0.941176
LLR,0.941176
FEN,1
HPH,1
